"COMMON.NAME","SCIENTIFIC.NAME"
"Alexandrine Parakeet","Psittacula eupatria"
"Ashy-crowned Sparrow-Lark","Eremopterix griseus"
"Ashy Drongo","Dicrurus leucophaeus"
"Ashy Prinia","Prinia socialis"
"Asian Koel","Eudynamys scolopaceus"
"Asian Openbill","Anastomus oscitans"
"Indian Pied Starling","Gracupica contra"
"Bay-backed Shrike","Lanius vittatus"
"Bar-headed Goose","Anser indicus"
"Baillon's Crake","Zapornia pusilla"
"Bank Myna","Acridotheres ginginianus"
"Barred Buttonquail","Turnix suscitator"
"Barn Swallow","Hirundo rustica"
"Baya Weaver","Ploceus philippinus"
"Black-crowned Night-Heron","Nycticorax nycticorax"
"Bengal Bushlark","Mirafra assamica"
"Black-breasted Weaver","Ploceus benghalensis"
"Black-headed Gull","Chroicocephalus ridibundus"
"Black-rumped Flameback","Dinopium benghalense"
"Black-winged Kite","Elanus caeruleus"
"Black-tailed Godwit","Limosa limosa"
"Black-winged Stilt","Himantopus himantopus"
"Black Bittern","Ixobrychus flavicollis"
"Black Drongo","Dicrurus macrocercus"
"Black Kite","Milvus migrans"
"Black Redstart","Phoenicurus ochruros"
"Black-headed Ibis","Threskiornis melanocephalus"
"Black Francolin","Francolinus francolinus"
"Black-necked Stork","Ephippiorhynchus asiaticus"
"Blyth's Reed Warbler","Acrocephalus dumetorum"
"Bluethroat","Luscinia svecica"
"Brown-headed Gull","Chroicocephalus brunnicephalus"
"Bonelli's Eagle","Aquila fasciata"
"Booted Warbler","Iduna caligata"
"Brahminy Starling","Sturnia pagodarum"
"Brown-headed Barbet","Psilopogon zeylanicus"
"Barn Owl","Tyto alba"
"Brown Crake","Zapornia akool"
"Bronze-winged Jacana","Metopidius indicus"
"Blue Rock-Thrush","Monticola solitarius"
"Cattle Egret","Bubulcus ibis"
"Chestnut-bellied Sandgrouse","Pterocles exustus"
"Yellow-throated Sparrow","Gymnoris xanthocollis"
"Citrine Wagtail","Motacilla citreola"
"Clamorous Reed Warbler","Acrocephalus stentoreus"
"Common Hawk-Cuckoo","Hierococcyx varius"
"Common Babbler","Argya caudata"
"Common Chiffchaff","Phylloscopus collybita"
"Common Crane","Grus grus"
"Knob-billed Duck","Sarkidiornis melanotos"
"Common Greenshank","Tringa nebularia"
"Common Kingfisher","Alcedo atthis"
"Eurasian Moorhen","Gallinula chloropus"
"Common Myna","Acridotheres tristis"
"Indian Peafowl","Pavo cristatus"
"Common Pochard","Aythya ferina"
"Common Redshank","Tringa totanus"
"Common Rosefinch","Carpodacus erythrinus"
"Common Sandpiper","Actitis hypoleucos"
"Common Shelduck","Tadorna tadorna"
"Common Snipe","Gallinago gallinago"
"Common Tailorbird","Orthotomus sutorius"
"Common Woodshrike","Tephrodornis pondicerianus"
"Coppersmith Barbet","Psilopogon haemacephalus"
"Cotton Pygmy-Goose","Nettapus coromandelianus"
"Crested Bunting","Emberiza lathami"
"Crested Lark","Galerida cristata"
"Crested Serpent-Eagle","Spilornis cheela"
"Oriental Darter","Anhinga melanogaster"
"Black-throated Thrush","Turdus atrogularis"
"Delicate Prinia","Prinia lepida"
"Desert Wheatear","Oenanthe deserti"
"Dusky Crag-Martin","Ptyonoprogne concolor"
"Western Yellow Wagtail","Motacilla flava"
"Egyptian Vulture","Neophron percnopterus"
"Eurasian Collared-Dove","Streptopelia decaocto"
"Eurasian Coot","Fulica atra"
"Eurasian Curlew","Numenius arquata"
"Eurasian Hobby","Falco subbuteo"
"Eurasian Spoonbill","Platalea leucorodia"
"European Starling","Sturnus vulgaris"
"Eurasian Wigeon","Mareca penelope"
"Eurasian Wryneck","Jynx torquilla"
"Gadwall","Mareca strepera"
"Garganey","Spatula querquedula"
"Pallas's Gull","Ichthyaetus ichthyaetus"
"Glossy Ibis","Plegadis falcinellus"
"Green-winged Teal","Anas crecca"
"Graylag Goose","Anser anser"
"Gray Heron","Ardea cinerea"
"Great Cormorant","Phalacrocorax carbo"
"Greater Coucal","Centropus sinensis"
"Great Egret","Ardea alba"
"Greater Flamingo","Phoenicopterus roseus"
"Cinereous Tit","Parus cinereus"
"Greenish Warbler","Phylloscopus trochiloides"
"Asian Green Bee-eater","Merops orientalis"
"Green Sandpiper","Tringa ochropus"
"Greater Painted-Snipe","Rostratula benghalensis"
"Greater Spotted Eagle","Clanga clanga"
"Great White Pelican","Pelecanus onocrotalus"
"Gray Francolin","Ortygornis pondicerianus"
"Gray Wagtail","Motacilla cinerea"
"Greater Short-toed Lark","Calandrella brachydactyla"
"Gull-billed Tern","Gelochelidon nilotica"
"Gray-breasted Prinia","Prinia hodgsonii"
"Gray-headed Canary-Flycatcher","Culicicapa ceylonensis"
"Gray-throated Martin","Riparia chinensis"
"Eurasian Hoopoe","Upupa epops"
"House Crow","Corvus splendens"
"Hume's Warbler","Phylloscopus humei"
"Imperial Eagle","Aquila heliaca"
"Indian Bushlark","Mirafra erythroptera"
"Brown Rock Chat","Oenanthe fusca"
"Indian Cormorant","Phalacrocorax fuscicollis"
"Indian Courser","Cursorius coromandelicus"
"Indian Robin","Copsychus fulicatus"
"Indian Roller","Coracias benghalensis"
"Indian Thick-knee","Burhinus indicus"
"Indian Gray Hornbill","Ocyceros birostris"
"Indian Golden Oriole","Oriolus kundoo"
"Indian Pond-Heron","Ardeola grayii"
"Indian Spotted Eagle","Clanga hastata"
"Indian Scops-Owl","Otus bakkamoena"
"Intermediate Egret","Ardea intermedia"
"Isabelline Shrike","Lanius isabellinus"
"Isabelline Wheatear","Oenanthe isabellina"
"Indian Spot-billed Duck","Anas poecilorhyncha"
"Jungle Babbler","Argya striata"
"Kentish Plover","Charadrius alexandrinus"
"Large-billed Crow","Corvus macrorhynchos"
"Large Gray Babbler","Argya malcolmi"
"Laughing Dove","Spilopelia senegalensis"
"Lesser Whitethroat","Curruca curruca"
"Lesser Whistling-Duck","Dendrocygna javanica"
"Little Ringed Plover","Charadrius dubius"
"Little Cormorant","Microcarbo niger"
"Little Egret","Egretta garzetta"
"Little Grebe","Tachybaptus ruficollis"
"Little Stint","Calidris minuta"
"Long-billed Pipit","Anthus similis"
"Long-legged Buzzard","Buteo rufinus"
"Long-tailed Minivet","Pericrocotus ethologus"
"Long-tailed Shrike","Lanius schach"
"Oriental Magpie-Robin","Copsychus saularis"
"Mallard","Anas platyrhynchos"
"Marsh Sandpiper","Tringa stagnatilis"
"Moustached Warbler","Acrocephalus melanopogon"
"Northern Lapwing","Vanellus vanellus"
"Northern Pintail","Anas acuta"
"Northern Shoveler","Spatula clypeata"
"Great Gray Shrike","Lanius excubitor"
"Scaly-breasted Munia","Lonchura punctulata"
"Olive-backed Pipit","Anthus hodgsoni"
"Orange-headed Thrush","Geokichla citrina"
"Oriental Honey-buzzard","Pernis ptilorhynchus"
"Paddyfield Pipit","Anthus rufulus"
"Oriental Pratincole","Glareola maldivarum"
"Oriental Skylark","Alauda gulgula"
"Oriental Turtle-Dove","Streptopelia orientalis"
"Osprey","Pandion haliaetus"
"Paddyfield Warbler","Acrocephalus agricola"
"Pacific Golden-Plover","Pluvialis fulva"
"Painted Sandgrouse","Pterocles indicus"
"Painted Stork","Mycteria leucocephala"
"Peregrine Falcon","Falco peregrinus"
"Pheasant-tailed Jacana","Hydrophasianus chirurgus"
"Pied Avocet","Recurvirostra avosetta"
"Pied Bushchat","Saxicola caprata"
"Plain Prinia","Prinia inornata"
"Plum-headed Parakeet","Psittacula cyanocephala"
"Purple Heron","Ardea purpurea"
"Purple Sunbird","Cinnyris asiaticus"
"Gray-headed Swamphen","Porphyrio poliocephalus"
"Red-breasted Flycatcher","Ficedula parva"
"Red Collared-Dove","Streptopelia tranquebarica"
"Red-crested Pochard","Netta rufina"
"Red Avadavat","Amandava amandava"
"Red-headed Bunting","Emberiza bruniceps"
"Red-necked Falcon","Falco chicquera"
"Red-naped Ibis","Pseudibis papillosa"
"Red-rumped Swallow","Cecropis daurica"
"Red-vented Bulbul","Pycnonotus cafer"
"Red-whiskered Bulbul","Pycnonotus jocosus"
"Red-wattled Lapwing","Vanellus indicus"
"River Lapwing","Vanellus duvaucelii"
"River Tern","Sterna aurantia"
"Rose-ringed Parakeet","Psittacula krameri"
"Rosy Pipit","Anthus roseatus"
"Rosy Starling","Pastor roseus"
"Ruddy-breasted Crake","Zapornia fusca"
"Ruddy Shelduck","Tadorna ferruginea"
"Ruff","Calidris pugnax"
"Rufous Treepie","Dendrocitta vagabunda"
"Rufous-tailed Lark","Ammomanes phoenicura"
"Sand Lark","Alaudala raytal"
"Sarus Crane","Antigone antigone"
"Short-eared Owl","Asio flammeus"
"Shikra","Accipiter badius"
"Short-toed Snake-Eagle","Circaetus gallicus"
"Siberian Stonechat","Saxicola maurus"
"Small Minivet","Pericrocotus cinnamomeus"
"Small Pratincole","Glareola lactea"
"Spotted Owlet","Athene brama"
"Spotted Redshank","Tringa erythropus"
"Steppe Eagle","Aquila nipalensis"
"Striated Babbler","Argya earlei"
"Streaked Weaver","Ploceus manyar"
"Streak-throated Swallow","Petrochelidon fluvicola"
"Sulphur-bellied Warbler","Phylloscopus griseolus"
"Sykes's Warbler","Iduna rama"
"Taiga Flycatcher","Ficedula albicilla"
"Tawny Pipit","Anthus campestris"
"Temminck's Stint","Calidris temminckii"
"Tickell's Thrush","Turdus unicolor"
"Tree Pipit","Anthus trivialis"
"Tricolored Munia","Lonchura malacca"
"Tufted Duck","Aythya fuligula"
"Variable Wheatear","Oenanthe picata"
"Verditer Flycatcher","Eumyias thalassinus"
"Water Rail","Rallus aquaticus"
"Eurasian Marsh-Harrier","Circus aeruginosus"
"White-browed Fantail","Rhipidura aureola"
"White-browed Wagtail","Motacilla maderaspatensis"
"White-eyed Buzzard","Butastur teesa"
"White Wagtail","Motacilla alba"
"White-throated Kingfisher","Halcyon smyrnensis"
"White-tailed Lapwing","Vanellus leucurus"
"White-tailed Stonechat","Saxicola leucurus"
"Wire-tailed Swallow","Hirundo smithii"
"Asian Woolly-necked Stork","Ciconia episcopus"
"Wood Sandpiper","Tringa glareola"
"Yellow-bellied Prinia","Prinia flaviventris"
"Yellow-crowned Woodpecker","Leiopicus mahrattensis"
"Yellow-eyed Babbler","Chrysomma sinense"
"Yellow-footed Green-Pigeon","Treron phoenicopterus"
"Yellow-wattled Lapwing","Vanellus malabaricus"
"Zitting Cisticola","Cisticola juncidis"
"Alpine Accentor","Prunella collaris"
"Alpine Swift","Apus melba"
"Alpine Thrush","Zoothera mollissima"
"Asian Barred Owlet","Glaucidium cuculoides"
"Ashy-throated Warbler","Phylloscopus maculipennis"
"Bar-tailed Treecreeper","Certhia himalayana"
"Rufous-naped Tit","Periparus rufonuchalis"
"Black Bulbul","Hypsipetes leucocephalus"
"Black Eagle","Ictinaetus malaiensis"
"Blue-fronted Redstart","Phoenicurus frontalis"
"Black-headed Jay","Garrulus lanceolatus"
"Himalayan Black-lored Tit","Machlolophus xanthogenys"
"Black-throated Accentor","Prunella atrogularis"
"Blue Whistling-Thrush","Myophonus caeruleus"
"Brown-fronted Woodpecker","Dendrocoptes auriceps"
"Brown Dipper","Cinclus pallasii"
"Buff-barred Warbler","Phylloscopus pulcher"
"Chestnut-bellied Rock-Thrush","Monticola rufiventris"
"White-capped Bunting","Emberiza stewarti"
"Chestnut-crowned Laughingthrush","Trochalopteron erythrocephalum"
"Cheer Pheasant","Catreus wallichii"
"Chestnut Thrush","Turdus rubrocanus"
"Chestnut-headed Tesia","Cettia castaneocoronata"
"Chestnut-tailed Minla","Actinodura strigula"
"Chukar","Alectoris chukar"
"Coal Tit","Periparus ater"
"Collared Owlet","Taenioptynx brodiei"
"Himalayan Buzzard","Buteo refectus"
"Common Wood-Pigeon","Columba palumbus"
"Crested Kingfisher","Megaceryle lugubris"
"Dark-breasted Rosefinch","Procarduelis nipalensis"
"Asian Emerald Dove","Chalcophaps indica"
"European Goldfinch","Carduelis carduelis"
"Eurasian Griffon","Gyps fulvus"
"Eurasian Jay","Garrulus glandarius"
"Eurasian Kestrel","Falco tinnunculus"
"Eurasian Sparrowhawk","Accipiter nisus"
"Hodgson's Treecreeper","Certhia hodgsoni"
"Eurasian Woodcock","Scolopax rusticola"
"Fire-breasted Flowerpecker","Dicaeum ignipectus"
"Fire-fronted Serin","Serinus pusillus"
"Yellow-billed Blue-Magpie","Urocissa flavirostris"
"Golden Bush-Robin","Tarsiger chrysaeus"
"Goldcrest","Regulus regulus"
"Golden Eagle","Aquila chrysaetos"
"Green-backed Tit","Parus monticolus"
"Great Barbet","Psilopogon virens"
"Gray Bushchat","Saxicola ferreus"
"Gray Treepie","Dendrocitta formosae"
"Gray-capped Pygmy Woodpecker","Yungipicus canicapillus"
"Gray-headed Woodpecker","Picus canus"
"Gray-hooded Warbler","Phylloscopus xanthoschistos"
"Gray-winged Blackbird","Turdus boulboul"
"Hill Partridge","Arborophila torqueola"
"Altai Accentor","Prunella himalayana"
"Himalayan Bluetail","Tarsiger rufilatus"
"Himalayan Griffon","Gyps himalayensis"
"Himalayan Monal","Lophophorus impejanus"
"Himalayan Woodpecker","Dendrocopos himalayensis"
"House Sparrow","Passer domesticus"
"Jungle Myna","Acridotheres fuscus"
"Kalij Pheasant","Lophura leucomelanos"
"Koklass Pheasant","Pucrasia macrolopha"
"Bearded Vulture","Gypaetus barbatus"
"Lesser Yellownape","Picus chlorolophus"
"Little Forktail","Enicurus scouleri"
"Little Swift","Apus affinis"
"Mistle Thrush","Turdus viscivorus"
"Mountain Scops-Owl","Otus spilocephalus"
"Mountain Hawk-Eagle","Nisaetus nipalensis"
"Lemon-rumped Warbler","Phylloscopus chloronotus"
"Plain Mountain Finch","Leucosticte nemoricola"
"Plumbeous Redstart","Phoenicurus fuliginosus"
"Red-billed Blue-Magpie","Urocissa erythroryncha"
"Rusty-cheeked Scimitar-Babbler","Erythrogenys erythrogenys"
"Red-billed Chough","Pyrrhocorax pyrrhocorax"
"Red Junglefowl","Gallus gallus"
"Robin Accentor","Prunella rubeculoides"
"Rock Bunting","Emberiza cia"
"Rufous-breasted Accentor","Prunella strophiata"
"Rufous Sibia","Heterophasia capistrata"
"Russet Sparrow","Passer cinnamomeus"
"Scaly-breasted Cupwing","Pnoepyga albiventer"
"Scaly-bellied Woodpecker","Picus squamatus"
"Slaty-headed Parakeet","Psittacula himalayana"
"Snow Pigeon","Columba leuconota"
"Spectacled Finch","Callacanthis burtoni"
"Speckled Piculet","Picumnus innominatus"
"Spotted Dove","Spilopelia chinensis"
"Spotted Forktail","Enicurus maculatus"
"Streaked Laughingthrush","Trochalopteron lineatum"
"Striated Laughingthrush","Grammatoptila striata"
"Himalayan Prinia","Prinia crinigera"
"Upland Pipit","Anthus sylvanus"
"Variegated Laughingthrush","Trochalopteron variegatum"
"Wallcreeper","Tichodroma muraria"
"Western Tragopan","Tragopan melanocephalus"
"Wedge-tailed Green-Pigeon","Treron sphenurus"
"White-browed Shrike-Babbler","Pteruthius aeralatus"
"White-breasted Waterhen","Amaurornis phoenicurus"
"White-collared Blackbird","Turdus albocinctus"
"Whiskered Yuhina","Yuhina flavicollis"
"White-throated Fantail","Rhipidura albicollis"
"White-tailed Nuthatch","Sitta himalayensis"
"White-throated Tit","Aegithalos niveogularis"
"Yellow-breasted Greenfinch","Chloris spinoides"
"Yellow-browed Tit","Sylviparus modestus"
"Black-headed Mountain Finch","Leucosticte brandti"
"Blanford's Snowfinch","Montifringilla blanfordi"
"Common Merganser","Mergus merganser"
"Eurasian Eagle-Owl","Bubo bubo"
"Great Rosefinch","Carpodacus rubicilla"
"Hill Pigeon","Columba rupestris"
"Himalayan Snowcock","Tetraogallus himalayensis"
"Ibisbill","Ibidorhyncha struthersii"
"Little Owl","Athene noctua"
"Mongolian Finch","Bucanetes mongolicus"
"Hen Harrier","Circus cyaneus"
"Tibetan Partridge","Perdix hodgsoniae"
"Tibetan Sandgrouse","Syrrhaptes tibetanus"
"Tibetan Snowcock","Tetraogallus tibetanus"
"Twite","Linaria flavirostris"
"White-capped Redstart","Phoenicurus leucocephalus"
"White-winged Redstart","Phoenicurus erythrogastrus"
"Asian Desert Warbler","Curruca nana"
"Indian Paradise-Flycatcher","Terpsiphone paradisi"
"Asian Palm Swift","Cypsiurus balasiensis"
"Bimaculated Lark","Melanocorypha bimaculata"
"Black Stork","Ciconia nigra"
"Black-headed Bunting","Emberiza melanocephala"
"Booted Eagle","Hieraaetus pennatus"
"Brahminy Kite","Haliastur indus"
"Brown Fish-Owl","Ketupa zeylonensis"
"Cinereous Vulture","Aegypius monachus"
"Common Iora","Aegithina tiphia"
"Common Quail","Coturnix coturnix"
"Cream-colored Courser","Cursorius cursor"
"Curlew Sandpiper","Calidris ferruginea"
"Dalmatian Pelican","Pelecanus crispus"
"Demoiselle Crane","Anthropoides virgo"
"Dunlin","Calidris alpina"
"Eastern Orphean Warbler","Curruca crassirostris"
"Ferruginous Duck","Aythya nyroca"
"Great Crested Grebe","Podiceps cristatus"
"Great Thick-knee","Esacus recurvirostris"
"Gray-necked Bunting","Emberiza buchanani"
"Striolated Bunting","Emberiza striolata"
"Indian Nightjar","Caprimulgus asiaticus"
"Indian Silverbill","Euodice malabarica"
"Indian Skimmer","Rynchops albicollis"
"Indian Vulture","Gyps indicus"
"Indian White-eye","Zosterops palpebrosus"
"Jungle Bush-Quail","Perdicula asiatica"
"Jungle Prinia","Prinia sylvatica"
"Laggar Falcon","Falco jugger"
"Large Cuckooshrike","Coracina macei"
"Lesser Flamingo","Phoeniconaias minor"
"Montagu's Harrier","Circus pygargus"
"Painted Spurfowl","Galloperdix lunulata"
"Pallid Harrier","Circus macrourus"
"Pied Kingfisher","Ceryle rudis"
"Purple-rumped Sunbird","Leptocoma zeylonica"
"Red-headed Vulture","Sarcogyps calvus"
"Rock Bush-Quail","Perdicula argoondah"
"Rufous-fronted Prinia","Prinia buchanani"
"Savanna Nightjar","Caprimulgus affinis"
"Sirkeer Malkoha","Taccocua leschenaultii"
"Spanish Sparrow","Passer hispaniolensis"
"Stork-billed Kingfisher","Pelargopsis capensis"
"Striated Heron","Butorides striata"
"Tawny-bellied Babbler","Dumetia hyperythra"
"Tawny Eagle","Aquila rapax"
"Tickell's Blue Flycatcher","Cyornis tickelliae"
"Ultramarine Flycatcher","Ficedula superciliaris"
"White-bellied Minivet","Pericrocotus erythropygius"
"White-eared Bulbul","Pycnonotus leucotis"
"Whiskered Tern","Chlidonias hybrida"
"White-naped Woodpecker","Chrysocolaptes festivus"
"White-rumped Vulture","Gyps bengalensis"
"White-tailed Iora","Aegithina nigrolutea"
"White-naped Tit","Machlolophus nuchalis"
"Black Noddy","Anous minutus"
"Jerdon's Courser","Rhinoptilus bitorquatus"
"Red Phalarope","Phalaropus fulicarius"
"Satyr Tragopan","Tragopan satyra"
"Common Raven","Corvus corax"
"Eurasian Tree Sparrow","Passer montanus"
"Siberian Thrush","Geokichla sibirica"
"Rusty-tailed Flycatcher","Ficedula ruficauda"
"Large-billed Reed Warbler","Acrocephalus orinus"
"Barred Warbler","Curruca nisoria"
"Himalayan Quail","Ophrysia superciliosa"
"Cape Petrel","Daption capense"
"Sind Woodpecker","Dendrocopos assimilis"
"Asian House-Martin","Delichon dasypus"
"Blood Pheasant","Ithaginis cruentus"
"Black-throated Tit","Aegithalos concinnus"
"Blyth's Leaf Warbler","Phylloscopus reguloides"
"Fire-tailed Myzornis","Myzornis pyrrhoura"
"Fire-tailed Sunbird","Aethopyga ignicauda"
"Gold-naped Finch","Pyrrhoplectes epauletta"
"Great Parrotbill","Conostoma aemodium"
"Gray-crested Tit","Lophophanes dichrous"
"Himalayan Rubythroat","Calliope pectoralis"
"Himalayan Swiftlet","Aerodramus brevirostris"
"Red-headed Bullfinch","Pyrrhula erythrocephala"
"Rufous-gorgeted Flycatcher","Ficedula strophiata"
"Rufous-vented Tit","Periparus rubidiventris"
"Rufous-vented Yuhina","Yuhina occipitalis"
"Scaly Laughingthrush","Trochalopteron subunicolor"
"Himalayan White-browed Rosefinch","Carpodacus thura"
"Eurasian Wren","Troglodytes troglodytes"
"Yellow-bellied Fairy-Fantail","Chelidorhynx hypoxanthus"
"Black-browed Tit","Aegithalos iouschistos"
"Black-faced Laughingthrush","Trochalopteron affine"
"Blyth's Pipit","Anthus godlewskii"
"Eurasian Nutcracker","Nucifraga caryocatactes"
"Gould's Shortwing","Heteroxenicus stellatus"
"Grandala","Grandala coelicolor"
"Gray-backed Shrike","Lanius tephronotus"
"Gray-sided Bush Warbler","Cettia brunnifrons"
"Horned Lark","Eremophila alpestris"
"Red-tailed Minla","Minla ignotincta"
"Rusty-flanked Treecreeper","Certhia nipalensis"
"Snow Partridge","Lerwa lerwa"
"Speckled Wood-Pigeon","Columba hodgsonii"
"Mongolian Short-toed Lark","Calandrella dukhunensis"
"Tibetan Serin","Spinus thibetanus"
"Yellow-billed Chough","Pyrrhocorax graculus"
"Hume's Lark","Calandrella acutirostris"
"White-throated Dipper","Cinclus cinclus"
"Oriental Plover","Charadrius veredus"
"Lanceolated Warbler","Locustella lanceolata"
"Oriental Hobby","Falco severus"
"Pin-tailed Sandgrouse","Pterocles alchata"
"Black-bellied Tern","Sterna acuticauda"
"Bronzed Drongo","Dicrurus aeneus"
"Large Hawk-Cuckoo","Hierococcyx sparverioides"
"Long-tailed Broadbill","Psarisomus dalhousiae"
"Nepal House-Martin","Delichon nipalense"
"Pale Blue Flycatcher","Cyornis unicolor"
"White-bellied Erpornis","Erpornis zantholeuca"
"White-tailed Robin","Myiomela leucura"
"Sooty Gull","Ichthyaetus hemprichii"
"Brown Booby","Sula leucogaster"
"White-bellied Sea-Eagle","Haliaeetus leucogaster"
"Western Reef-Heron","Egretta gularis"
"Oriental Pied-Hornbill","Anthracoceros albirostris"
"Pied Harrier","Circus melanoleucos"
"Spot-bellied Eagle-Owl","Ketupa nipalensis"
"Masked Finfoot","Heliopais personatus"
"Ortolan Bunting","Emberiza hortulana"
"Pacific Swift","Apus pacificus"
"Little Bustard","Tetrax tetrax"
"Hooded Crow","Corvus cornix"
"Hume's Wheatear","Oenanthe albonigra"
"Reed Bunting","Emberiza schoeniclus"
"Rock Sparrow","Petronia petronia"
"Sharp-tailed Sandpiper","Calidris acuminata"
"Corn Crake","Crex crex"
"Red-footed Falcon","Falco vespertinus"
"Manchurian Bush Warbler","Horornis canturians"
"Collared Myna","Acridotheres albocinctus"
"Manipur Bush-Quail","Perdicula manipurensis"
"White-cheeked Tit","Aegithalos leucogenys"
"Red-flanked Bluetail","Tarsiger cyanurus"
"Mute Swan","Cygnus olor"
"Sociable Lapwing","Vanellus gregarius"
"Whooper Swan","Cygnus cygnus"
"Chestnut-bellied Nuthatch","Sitta cinnamoventris"
"Himalayan Bulbul","Pycnonotus leucogenys"
"Mandarin Duck","Aix galericulata"
"Yellow-throated Bulbul","Pycnonotus xantholaemus"
"Pink-headed Duck","Rhodonessa caryophyllacea"
"Black-capped Kingfisher","Halcyon pileata"
"Blue-tailed Bee-eater","Merops philippinus"
"White-nest Swiftlet","Aerodramus fuciphagus"
"Forest Wagtail","Dendronanthus indicus"
"Narcondam Hornbill","Rhyticeros narcondami"
"Olive-backed Sunbird","Cinnyris jugularis"
"Pacific Reef-Heron","Egretta sacra"
"Pied Imperial-Pigeon","Ducula bicolor"
"Ruddy Turnstone","Arenaria interpres"
"Arctic Warbler","Phylloscopus borealis"
"Andaman Crake","Rallina canningi"
"Andaman Teal","Anas albogularis"
"Asian Brown Flycatcher","Muscicapa dauurica"
"Beach Thick-knee","Esacus magnirostris"
"Nicobar Pigeon","Caloenas nicobarica"
"Bohemian Waxwing","Bombycilla garrulus"
"Red-throated Pipit","Anthus cervinus"
"Hawfinch","Coccothraustes coccothraustes"
"Falcated Duck","Mareca falcata"
"Puff-throated Babbler","Pellorneum ruficeps"
"Common Cuckoo","Cuculus canorus"
"White-bellied Drongo","Dicrurus caerulescens"
"Rufous-backed Dwarf-Kingfisher","Ceyx rufidorsa"
"Pied Cuckoo","Clamator jacobinus"
"Great Snipe","Gallinago media"
"Tawny Lark","Galerida deva"
"Brown Shrike","Lanius cristatus"
"Rain Quail","Coturnix coromandelica"
"Swinhoe's Snipe","Gallinago megala"
"Yellow-browed Warbler","Phylloscopus inornatus"
"Chinese Francolin","Francolinus pintadeanus"
"Common Swift","Apus apus"
"Roseate Tern","Sterna dougallii"
"Lesser Sand-Plover","Charadrius mongolus"
"Tickell's Leaf Warbler","Phylloscopus affinis"
"Brown-breasted Flycatcher","Muscicapa muttui"
"Jerdon's Babbler","Chrysomma altirostre"
"Streak-throated Woodpecker","Picus xanthopygaeus"
"Vernal Hanging-Parrot","Loriculus vernalis"
"Australasian Grass-Owl","Tyto longimembris"
"Large-billed Leaf Warbler","Phylloscopus magnirostris"
"Richard's Pipit","Anthus richardi"
"Jerdon's Baza","Aviceda jerdoni"
"Blue-capped Redstart","Phoenicurus coeruleocephala"
"Pied Wheatear","Oenanthe pleschanka"
"Arctic Loon","Gavia arctica"
"Eurasian Skylark","Alauda arvensis"
"Eurasian Crag-Martin","Ptyonoprogne rupestris"
"Red-fronted Rosefinch","Carpodacus puniceus"
"Kashmir Nutcracker","Nucifraga multipunctata"
"Solitary Snipe","Gallinago solitaria"
"Japanese Quail","Coturnix japonica"
"Common House-Martin","Delichon urbicum"
"White-winged Grosbeak","Mycerobas carnipes"
"Pink-browed Rosefinch","Carpodacus rodochroa"
"Pallas's Sandgrouse","Syrrhaptes paradoxus"
"Indian Yellow Tit","Machlolophus aplonotus"
"Green Peafowl","Pavo muticus"
"Kashmir Nuthatch","Sitta cashmirensis"
"Pallas's Fish-Eagle","Haliaeetus leucoryphus"
"Tawny Owl","Strix aluco"
"White-cheeked Nuthatch","Sitta leucopsis"
"Besra","Accipiter virgatus"
"Long-eared Owl","Asio otus"
"European Bee-eater","Merops apiaster"
"Mountain Chiffchaff","Phylloscopus sindianus"
"Slaty-blue Flycatcher","Ficedula tricolor"
"Western Crowned Warbler","Phylloscopus occipitalis"
"Black-and-yellow Grosbeak","Mycerobas icterioides"
"Brownish-flanked Bush Warbler","Horornis fortipes"
"Chestnut-eared Bunting","Emberiza fucata"
"Common Grasshopper Warbler","Locustella naevia"
"Eurasian Jackdaw","Corvus monedula"
"European Roller","Coracias garrulus"
"Fire-capped Tit","Cephalopyrus flammiceps"
"Gray-headed Lapwing","Vanellus cinereus"
"Himalayan Cuckoo","Cuculus saturatus"
"Indian Blue Robin","Larvivora brunnea"
"Orange Bullfinch","Pyrrhula aurantiaca"
"Spotted Crake","Porzana porzana"
"Tytler's Leaf Warbler","Phylloscopus tytleri"
"Carrion Crow","Corvus corone"
"Eurasian Magpie","Pica pica"
"Black-winged Snowfinch","Montifringilla adamsi"
"Long-billed Bush Warbler","Locustella major"
"Blyth's Rosefinch","Carpodacus grandis"
"Brown Accentor","Prunella fulvescens"
"White-bellied Redstart","Luscinia phaenicuroides"
"Arctic Tern","Sterna paradisaea"
"Common Tern","Sterna hirundo"
"Common Buzzard","Buteo buteo"
"Dark-sided Flycatcher","Muscicapa sibirica"
"Little Bittern","Ixobrychus minutus"
"Jack Snipe","Lymnocryptes minimus"
"Wood Snipe","Gallinago nemoricola"
"Blue-faced Malkoha","Phaenicophaeus viridirostris"
"Black-naped Monarch","Hypothymis azurea"
"Brown-capped Pygmy Woodpecker","Yungipicus nanus"
"Gray Junglefowl","Gallus sonneratii"
"Green Imperial-Pigeon","Ducula aenea"
"Green Warbler","Phylloscopus nitidus"
"Indian Pitta","Pitta brachyura"
"Indian Scimitar-Babbler","Pomatorhinus horsfieldii"
"Jerdon's Bushlark","Mirafra affinis"
"Jerdon's Leafbird","Chloropsis jerdoni"
"Loten's Sunbird","Cinnyris lotenius"
"Red Spurfowl","Galloperdix spadicea"
"Spot-breasted Fantail","Rhipidura albogularis"
"White-browed Bulbul","Pycnonotus luteolus"
"White-rumped Shama","Copsychus malabaricus"
"Yellow-billed Babbler","Argya affinis"
"Yellow-legged Buttonquail","Turnix tanki"
"Blue-bearded Bee-eater","Nyctyornis athertoni"
"Bar-winged Flycatcher-shrike","Hemipus picatus"
"Ashy Woodswallow","Artamus fuscus"
"Black-headed Cuckooshrike","Lalage melanoptera"
"Brown-cheeked Fulvetta","Alcippe poioicephala"
"Crested Treeswift","Hemiprocne coronata"
"Golden-fronted Leafbird","Chloropsis aurifrons"
"Greater Racket-tailed Drongo","Dicrurus paradiseus"
"Rufous Woodpecker","Micropternus brachyurus"
"Orange Minivet","Pericrocotus flammeus"
"Square-tailed Bulbul","Hypsipetes ganeesa"
"Velvet-fronted Nuthatch","Sitta frontalis"
"White-cheeked Barbet","Psilopogon viridis"
"Asian Fairy-bluebird","Irena puella"
"Black-hooded Oriole","Oriolus xanthornus"
"Jerdon's Nightjar","Caprimulgus atripennis"
"White-rumped Munia","Lonchura striata"
"Changeable Hawk-Eagle","Nisaetus cirrhatus"
"Pale-billed Flowerpecker","Dicaeum erythrorhynchos"
"Rufous-tailed Rock-Thrush","Monticola saxatilis"
"Sillem's Rosefinch","Carpodacus sillemi"
"Indian Blackbird","Turdus simillimus"
"Blue-throated Flycatcher","Cyornis rubeculoides"
"Chestnut-tailed Starling","Sturnia malabarica"
"Black-crested Bulbul","Rubigula flaviventris"
"Indian Nuthatch","Sitta castanea"
"Pale-chinned Blue Flycatcher","Cyornis poliogenys"
"Scarlet Minivet","Pericrocotus speciosus"
"Black-throated Munia","Lonchura kelaarti"
"Fulvous-breasted Woodpecker","Dendrocopos macei"
"Green-crowned Warbler","Phylloscopus burkii"
"Large Woodshrike","Tephrodornis virgatus"
"Rosy Minivet","Pericrocotus roseus"
"Siberian Rubythroat","Calliope calliope"
"Pin-striped Tit-Babbler","Mixornis gularis"
"Pale-footed Bush Warbler","Urosphena pallidipes"
"Pied Thrush","Geokichla wardii"
"Azure Tit","Cyanistes cyanus"
"Jungle Owlet","Glaucidium radiatum"
"Plaintive Cuckoo","Cacomantis merulinus"
"Thick-billed Flowerpecker","Dicaeum agile"
"Gray-bellied Cuckoo","Cacomantis passerinus"
"Mottled Wood-Owl","Strix ocellata"
"Rock Pigeon","Columba livia"
"Brown Skua","Stercorarius antarcticus"
"Long-tailed Duck","Clangula hyemalis"
"Boreal Owl","Aegolius funereus"
"Eurasian Golden Oriole","Oriolus oriolus"
"Little Gull","Hydrocoloeus minutus"
"Gray-headed Fish-Eagle","Haliaeetus ichthyaetus"
"Tundra Swan","Cygnus columbianus"
"Slaty-legged Crake","Rallina eurizonoides"
"White-bellied Woodpecker","Dryocopus javensis"
"Southern Hill Myna","Gracula indica"
"Hair-crested Drongo","Dicrurus hottentottus"
"Thick-billed Warbler","Arundinax aedon"
"Black-necked Crane","Grus nigricollis"
"Marbled Teal","Marmaronetta angustirostris"
"Red-tailed Tropicbird","Phaethon rubricauda"
"Blyth's Kingfisher","Alcedo hercules"
"Clicking Shrike-Babbler","Pteruthius intermedius"
"Crow-billed Drongo","Dicrurus annectens"
"Slender-billed Babbler","Argya longirostris"
"Smoky Warbler","Phylloscopus fuligiventer"
"Black-naped Oriole","Oriolus chinensis"
"Crimson Sunbird","Aethopyga siparaja"
"Gray-chinned Minivet","Pericrocotus solaris"
"Little Pied Flycatcher","Ficedula westermanni"
"Maroon Oriole","Oriolus traillii"
"Mountain Bulbul","Ixos mcclellandii"
"Mountain Tailorbird","Phyllergates cucullatus"
"Orange-bellied Leafbird","Chloropsis hardwickii"
"Ruby-cheeked Sunbird","Chalcoparia singalensis"
"Short-billed Minivet","Pericrocotus brevirostris"
"Streaked Spiderhunter","Arachnothera magna"
"Sultan Tit","Melanochlora sultanea"
"Yellow-cheeked Tit","Machlolophus spilonotus"
"Abbott's Babbler","Malacocincla abbotti"
"Bristled Grassbird","Schoenicola striatus"
"Dusky Warbler","Phylloscopus fuscatus"
"Eastern Yellow Wagtail","Motacilla tschutschensis"
"Mangrove Whistler","Pachycephala cinerea"
"Greater Flameback","Chrysocolaptes guttacristatus"
"Two-barred Warbler","Phylloscopus plumbeitarsus"
"Claudia's Leaf Warbler","Phylloscopus claudiae"
"Stripe-breasted Woodpecker","Dendrocopos atratus"
"Hume's Treecreeper","Certhia manipurensis"
"Chinese Leaf Warbler","Phylloscopus yunnanensis"
"Long-billed Thrush","Zoothera monticola"
"Maroon-backed Accentor","Prunella immaculata"
"White-browed Bush-Robin","Tarsiger indicus"
"Buff-throated Warbler","Phylloscopus subaffinis"
"Mount Victoria Babax","Pterorhinus woodi"
"Streaked Shearwater","Calonectris leucomelas"
"Hooded Pitta","Pitta sordida"
"White-faced Storm-Petrel","Pelagodroma marina"
"Black-bellied Storm-Petrel","Fregetta tropica"
"Common Hill Myna","Gracula religiosa"
"Oriental Reed Warbler","Acrocephalus orientalis"
"Pallas's Grasshopper Warbler","Helopsaltes certhiola"
"Cinnamon Bittern","Ixobrychus cinnamomeus"
"Black-browed Reed Warbler","Acrocephalus bistrigiceps"
"Malabar Barbet","Psilopogon malabaricus"
"Malabar Parakeet","Psittacula columboides"
"Malabar Starling","Sturnia blythii"
"Malabar Trogon","Harpactes fasciatus"
"Malabar Woodshrike","Tephrodornis sylvicola"
"Malabar Whistling-Thrush","Myophonus horsfieldii"
"Malabar Imperial-Pigeon","Ducula cuprea"
"Yellow-browed Bulbul","Iole indica"
"Malabar Gray Hornbill","Ocyceros griseus"
"Nilgiri Flowerpecker","Dicaeum concolor"
"Rufous Babbler","Argya subrufa"
"White-bellied Treepie","Dendrocitta leucogastra"
"Striated Grassbird","Cincloramphus palustris"
"Yellow Bittern","Ixobrychus sinensis"
"South Polar Skua","Stercorarius maccormicki"
"Caspian Tern","Hydroprogne caspia"
"Pale Sand Martin","Riparia diluta"
"Spot-billed Pelican","Pelecanus philippensis"
"Mrs. Gould's Sunbird","Aethopyga gouldiae"
"Banded Bay Cuckoo","Cacomantis sonneratii"
"Indian Cuckoo","Cuculus micropterus"
"Lesser Coucal","Centropus bengalensis"
"Long-toed Stint","Calidris subminuta"
"Black-winged Cuckooshrike","Lalage melaschistos"
"White-winged Tern","Chlidonias leucopterus"
"Rufous-bellied Woodpecker","Dendrocopos hyperythrus"
"White-throated Laughingthrush","Pterorhinus albogularis"
"Spot-winged Starling","Saroglossa spilopterus"
"Brown Bullfinch","Pyrrhula nipalensis"
"Rufous-chinned Laughingthrush","Ianthocincla rufogularis"
"Blue-capped Rock-Thrush","Monticola cinclorhyncha"
"Blue-throated Barbet","Psilopogon asiaticus"
"Green Shrike-Babbler","Pteruthius xanthochlorus"
"Whistler's Warbler","Phylloscopus whistleri"
"Black-bellied Plover","Pluvialis squatarola"
"Whimbrel","Numenius phaeopus"
"Asian Dowitcher","Limnodromus semipalmatus"
"Pin-tailed Snipe","Gallinago stenura"
"Red-necked Stint","Calidris ruficollis"
"Malayan Night-Heron","Gorsachius melanolophus"
"Nilgiri Wood-Pigeon","Columba elphinstonii"
"Black-chinned Babbler","Cyanoderma pyrrhops"
"Stripe-throated Yuhina","Yuhina gularis"
"Scaly Thrush","Zoothera dauma"
"Lineated Barbet","Psilopogon lineatus"
"Chestnut Munia","Lonchura atricapilla"
"Small Niltava","Niltava macgrigoriae"
"White-crested Laughingthrush","Garrulax leucolophus"
"Blue-cheeked Bee-eater","Merops persicus"
"Greater Whitethroat","Curruca communis"
"White Stork","Ciconia ciconia"
"Jungle Nightjar","Caprimulgus indicus"
"Chestnut-headed Bee-eater","Merops leschenaulti"
"Indochinese Roller","Coracias affinis"
"Lesser Adjutant","Leptoptilos javanicus"
"Slender-billed Vulture","Gyps tenuirostris"
"Swamp Francolin","Ortygornis gularis"
"Aberrant Bush Warbler","Horornis flavolivaceus"
"Greater Adjutant","Leptoptilos dubius"
"Red-breasted Parakeet","Psittacula alexandri"
"Smew","Mergellus albellus"
"White-browed Scimitar-Babbler","Pomatorhinus schisticeps"
"Ashy Wood-Pigeon","Columba pulchricollis"
"Barred Cuckoo-Dove","Macropygia unchall"
"Bay Woodpecker","Blythipicus pyrrhotis"
"Black-eared Shrike-Babbler","Pteruthius melanotis"
"Black-backed Forktail","Enicurus immaculatus"
"Black-throated Parrotbill","Suthora nipalensis"
"Black-throated Sunbird","Aethopyga saturata"
"Blue-winged Minla","Actinodura cyanouroptera"
"Sikkim Treecreeper","Certhia discolor"
"Chestnut-crowned Warbler","Phylloscopus castaniceps"
"Collared Falconet","Microhierax caerulescens"
"Crimson-breasted Woodpecker","Dryobates cathpharius"
"Himalayan Cutia","Cutia nipalensis"
"Dark-rumped Rosefinch","Carpodacus edwardsii"
"Darjeeling Woodpecker","Dendrocopos darjellensis"
"Greater Necklaced Laughingthrush","Pterorhinus pectoralis"
"Golden-throated Barbet","Psilopogon franklinii"
"Green-billed Malkoha","Phaenicophaeus tristis"
"Great Hornbill","Buceros bicornis"
"Common Green-Magpie","Cissa chinensis"
"Greater Yellownape","Chrysophlegma flavinucha"
"Green-tailed Sunbird","Aethopyga nipalensis"
"Gray-bellied Tesia","Tesia cyaniventer"
"Gray-cheeked Warbler","Phylloscopus poliogenys"
"Gray-throated Babbler","Stachyris nigriceps"
"Hodgson's Redstart","Phoenicurus hodgsoni"
"Hoary-throated Barwing","Actinodura nipalensis"
"House Swift","Apus nipalensis"
"Large Niltava","Niltava grandis"
"Little Bunting","Emberiza pusilla"
"Lesser Racket-tailed Drongo","Dicrurus remifer"
"Mountain Imperial-Pigeon","Ducula badia"
"Oriental Scops-Owl","Otus sunia"
"Pale-headed Woodpecker","Gecinulus grantia"
"Pin-tailed Green-Pigeon","Treron apicauda"
"Plain Flowerpecker","Dicaeum minullum"
"Pygmy Flycatcher","Ficedula hodgsoni"
"Pygmy Cupwing","Pnoepyga pusilla"
"Red-billed Leiothrix","Leiothrix lutea"
"Red-headed Trogon","Harpactes erythrocephalus"
"Rufous-bellied Eagle","Lophotriorchis kienerii"
"Rufous-bellied Niltava","Niltava sundara"
"Rufous-capped Babbler","Cyanoderma ruficeps"
"Rufescent Prinia","Prinia rufescens"
"Rufous-necked Laughingthrush","Pterorhinus ruficollis"
"Rufous-winged Fulvetta","Schoeniparus castaneceps"
"Scarlet Finch","Carpodacus sipahi"
"Scarlet-backed Flowerpecker","Dicaeum cruentatum"
"Silver-eared Mesia","Leiothrix argentauris"
"Slaty-backed Forktail","Enicurus schistaceus"
"Slaty-bellied Tesia","Tesia olivea"
"Snowy-browed Flycatcher","Ficedula hyperythra"
"White-browed Fulvetta","Fulvetta vinipectus"
"White-browed Piculet","Sasia ochracea"
"White-throated Bulbul","Alophoixus flaveolus"
"Yellow-bellied Warbler","Abroscopus superciliaris"
"Ashy Bulbul","Hemixos flavala"
"Bengal Florican","Houbaropsis bengalensis"
"Blue-breasted Quail","Synoicus chinensis"
"Brown Boobook","Ninox scutulata"
"Buff-chested Babbler","Cyanoderma ambiguum"
"Chestnut-capped Babbler","Timalia pileata"
"Chestnut Bunting","Emberiza rutila"
"Chinese Rubythroat","Calliope tschebaiewi"
"Eyebrowed Thrush","Turdus obscurus"
"Little Spiderhunter","Arachnothera longirostra"
"Little Tern","Sternula albifrons"
"Long-billed Plover","Charadrius placidus"
"Striated Yuhina","Staphida castaniceps"
"Thick-billed Green-Pigeon","Treron curvirostra"
"White-bellied Heron","Ardea insignis"
"Wreathed Hornbill","Rhyticeros undulatus"
"Yellow-vented Flowerpecker","Dicaeum chrysorrheum"
"Yellow-vented Warbler","Phylloscopus cantator"
"Black-faced Bunting","Emberiza spodocephala"
"Blossom-headed Parakeet","Psittacula roseata"
"Blue-naped Pitta","Hydrornis nipalensis"
"Jerdon's Bushchat","Saxicola jerdoni"
"Lesser Necklaced Laughingthrush","Garrulax monileger"
"White-cheeked Partridge","Arborophila atrogularis"
"White-hooded Babbler","Gampsorhynchus rufulus"
"Crested Finchbill","Spizixos canifrons"
"Dark-rumped Swift","Apus acuticauda"
"Flavescent Bulbul","Pycnonotus flavescens"
"Golden Babbler","Cyanoderma chrysaeum"
"Gray Sibia","Heterophasia gracilis"
"Nepal Fulvetta","Alcippe nipalensis"
"Rusty-fronted Barwing","Actinodura egertoni"
"Streak-breasted Scimitar-Babbler","Pomatorhinus ruficollis"
"Great Crested Tern","Thalasseus bergii"
"Greater Sand-Plover","Charadrius leschenaultii"
"Lesser Black-backed Gull","Larus fuscus"
"Kashmir Flycatcher","Ficedula subrubra"
"Plain Leaf Warbler","Phylloscopus neglectus"
"Brooks's Leaf Warbler","Phylloscopus subviridis"
"Large-tailed Nightjar","Caprimulgus macrurus"
"Bar-tailed Godwit","Limosa lapponica"
"Crimson-backed Sunbird","Leptocoma minima"
"Malabar Lark","Galerida malabarica"
"Heart-spotted Woodpecker","Hemicircus canente"
"Indian Swiftlet","Aerodramus unicolor"
"Crab-Plover","Dromas ardeola"
"Eurasian Oystercatcher","Haematopus ostralegus"
"Nilgiri Flycatcher","Eumyias albicaudatus"
"Gray-fronted Green-Pigeon","Treron affinis"
"White-rumped Needletail","Zoonavena sylvatica"
"Black-and-orange Flycatcher","Ficedula nigrorufa"
"Nilgiri Laughingthrush","Montecincla cachinnans"
"Hill Swallow","Hirundo domicola"
"Siberian Crane","Leucogeranus leucogeranus"
"Lesser Crested Tern","Thalasseus bengalensis"
"Malabar Pied-Hornbill","Anthracoceros coronatus"
"Vigors's Sunbird","Aethopyga vigorsii"
"Sanderling","Calidris alba"
"Indian Spotted Creeper","Salpornis spilonota"
"White-throated Needletail","Hirundapus caudacutus"
"Nilgiri Thrush","Zoothera neilgherriensis"
"Northern Goshawk","Accipiter gentilis"
"Broad-billed Sandpiper","Calidris falcinellus"
"Dark-fronted Babbler","Dumetia atriceps"
"Nilgiri Pipit","Anthus nilghiriensis"
"Painted Bush-Quail","Perdicula erythrorhyncha"
"Nilgiri Sholakili","Sholicola major"
"Square-tailed Drongo-Cuckoo","Surniculus lugubris"
"Pine Bunting","Emberiza leucocephalos"
"Greater Hoopoe-Lark","Alaemon alaudipes"
"Lesser Kestrel","Falco naumanni"
"Dusky Eagle-Owl","Ketupa coromandus"
"Lesser Fish-Eagle","Haliaeetus humilis"
"Terek Sandpiper","Xenus cinereus"
"Great Reed Warbler","Acrocephalus arundinaceus"
"Black-breasted Parrotbill","Paradoxornis flavirostris"
"Blue-eared Kingfisher","Alcedo meninting"
"Indian Grassbird","Graminicola bengalensis"
"Swamp Grass Babbler","Laticilla cinerascens"
"Blyth's Paradise-Flycatcher","Terpsiphone affinis"
"Dark-necked Tailorbird","Orthotomus atrogularis"
"Fulvous Whistling-Duck","Dendrocygna bicolor"
"Striated Swallow","Cecropis striolata"
"Golden-crested Myna","Ampeliceps coronatus"
"Spotted Flycatcher","Muscicapa striata"
"Sykes's Nightjar","Caprimulgus mahrattensis"
"Brown-backed Needletail","Hirundapus giganteus"
"Collared Scops-Owl","Otus lettia"
"Striated Bulbul","Pycnonotus striatus"
"White-naped Yuhina","Yuhina bakeri"
"Brown Wood-Owl","Strix leptogrammica"
"Chestnut-winged Cuckoo","Clamator coromandus"
"Ferruginous Flycatcher","Muscicapa ferruginea"
"Gray-headed Bullfinch","Pyrrhula erythaca"
"Long-billed Wren-Babbler","Napothera malacoptila"
"Himalayan Shortwing","Brachypteryx cruralis"
"White-gorgeted Flycatcher","Anthipes monileger"
"Lesser Cuckoo","Cuculus poliocephalus"
"Brambling","Fringilla montifringilla"
"Crested Goshawk","Accipiter trivirgatus"
"Orange-breasted Green-Pigeon","Treron bicinctus"
"Flame-throated Bulbul","Rubigula gularis"
"Common Flameback","Dinopium javanense"
"Gray-headed Bulbul","Brachypodius priocephalus"
"Ashambu Laughingthrush","Montecincla meridionalis"
"Red-backed Shrike","Lanius collurio"
"Painted Francolin","Francolinus pictus"
"Persian Wheatear","Oenanthe chrysopygia"
"White-bellied Blue Flycatcher","Cyornis pallidipes"
"Great Knot","Calidris tenuirostris"
"Slaty-breasted Rail","Lewinia striata"
"Watercock","Gallicrex cinerea"
"Bank Swallow","Riparia riparia"
"Eurasian Siskin","Spinus spinus"
"Spotted Sandgrouse","Pterocles senegallus"
"Small Buttonquail","Turnix sylvaticus"
"Black Baza","Aviceda leuphotes"
"Dollarbird","Eurystomus orientalis"
"Collared Grosbeak","Mycerobas affinis"
"Himalayan Owl","Strix nivicolum"
"Spot-winged Grosbeak","Mycerobas melanozanthos"
"Blanford's Rosefinch","Agraphospiza rubescens"
"Blue-eared Barbet","Psilopogon duvaucelii"
"Blyth's Swift","Apus leuconyx"
"Black-throated Prinia","Prinia atrogularis"
"Himalayan Flameback","Dinopium shorii"
"Red Crossbill","Loxia curvirostra"
"Sapphire Flycatcher","Ficedula sapphira"
"Collared Kingfisher","Todiramphus chloris"
"Himalayan Beautiful Rosefinch","Carpodacus pulcherrimus"
"Tawny Fish-Owl","Ketupa flavipes"
"Fork-tailed Drongo-Cuckoo","Surniculus dicruroides"
"Rufous-tailed Scrub-Robin","Cercotrichas galactotes"
"Garden Warbler","Sylvia borin"
"Palani Laughingthrush","Montecincla fairbanki"
"Sedge Warbler","Acrocephalus schoenobaenus"
"Streaked Rosefinch","Carpodacus rubicilloides"
"White-browed Tit-Warbler","Leptopoecile sophiae"
"Great Bittern","Botaurus stellaris"
"Merlin","Falco columbarius"
"Red-throated Thrush","Turdus ruficollis"
"Song Thrush","Turdus philomelos"
"Pallid Scops-Owl","Otus brucei"
"Yellowhammer","Emberiza citrinella"
"Water Pipit","Anthus spinoletta"
"White-crowned Penduline-Tit","Remiz coronatus"
"Naumann's Thrush","Turdus naumanni"
"Black-crowned Sparrow-Lark","Eremopterix nigriceps"
"Black-bellied Sandgrouse","Pterocles orientalis"
"Desert Lark","Ammomanes deserti"
"Trumpeter Finch","Bucanetes githagineus"
"White-browed Bushchat","Saxicola macrorhynchus"
"Common Chaffinch","Fringilla coelebs"
"Dusky Thrush","Turdus eunomus"
"Long-tailed Thrush","Zoothera dixoni"
"Yellow-bellied Flowerpecker","Dicaeum melanozanthum"
"Black-headed Shrike-Babbler","Pteruthius rufiventer"
"Broad-billed Warbler","Tickellia hodgsoni"
"Brown Parrotbill","Cholornis unicolor"
"Fulvous Parrotbill","Suthora fulvifrons"
"Golden-breasted Fulvetta","Lioparus chrysotis"
"Slender-billed Scimitar-Babbler","Pomatorhinus superciliaris"
"Spotted Laughingthrush","Ianthocincla ocellata"
"White-throated Redstart","Phoenicurus schisticeps"
"Hume's Bush Warbler","Horornis brunnescens"
"Common Redstart","Phoenicurus phoenicurus"
"European Turtle-Dove","Streptopelia turtur"
"Lesser Gray Shrike","Lanius minor"
"Gray Nightjar","Caprimulgus jotaka"
"Eurasian Linnet","Linaria cannabina"
"Red-necked Phalarope","Phalaropus lobatus"
"Red-tailed Shrike","Lanius phoenicuroides"
"Macqueen's Bustard","Chlamydotis macqueenii"
"Daurian Redstart","Phoenicurus auroreus"
"Pale-capped Pigeon","Columba punicea"
"Eastern Marsh-Harrier","Circus spilonotus"
"White-tailed Eagle","Haliaeetus albicilla"
"Common Ringed Plover","Charadrius hiaticula"
"Broad-tailed Grassbird","Schoenicola platyurus"
"Lesser Noddy","Anous tenuirostris"
"Eared Grebe","Podiceps nigricollis"
"Golden-headed Cisticola","Cisticola exilis"
"Baer's Pochard","Aythya baeri"
"Rufous-backed Redstart","Phoenicurus erythronotus"
"Blue-winged Leafbird","Chloropsis cochinchinensis"
"Great Myna","Acridotheres grandis"
"Ashy Minivet","Pericrocotus divaricatus"
"Horsfield's Bushlark","Mirafra javanica"
"Barau's Petrel","Pterodroma baraui"
"Tibetan Blackbird","Turdus maximus"
"Sandwich Tern","Thalasseus sandvicensis"
"Collared Treepie","Dendrocitta frontalis"
"Assam Laughingthrush","Trochalopteron chrysopterum"
"Andaman Bulbul","Brachypodius fuscoflavescens"
"Andaman Coucal","Centropus andamanensis"
"Andaman Cuckooshrike","Coracina dobsoni"
"Andaman Drongo","Dicrurus andamanensis"
"Andaman Treepie","Dendrocitta bayleii"
"Andaman Serpent-Eagle","Spilornis elgini"
"Andaman Wood-Pigeon","Columba palumboides"
"Black-naped Tern","Sterna sumatrana"
"Long-tailed Parakeet","Psittacula longicauda"
"Plume-toed Swiftlet","Collocalia affinis"
"White-headed Starling","Sturnia erythropygia"
"Red-necked Grebe","Podiceps grisegena"
"Black-chinned Yuhina","Yuhina nigrimenta"
"White-crowned Forktail","Enicurus leschenaulti"
"Slender-billed Gull","Chroicocephalus genei"
"Greater White-fronted Goose","Anser albifrons"
"Wayanad Laughingthrush","Pterorhinus delesserti"
"Black-backed Dwarf-Kingfisher","Ceyx erithaca"
"Chinese Pond-Heron","Ardeola bacchus"
"Ashy-headed Green-Pigeon","Treron phayrei"
"Ruddy Kingfisher","Halcyon coromanda"
"Pale-billed Parrotbill","Chleuasicus atrosuperciliaris"
"Black-breasted Thrush","Turdus dissimilis"
"Gray-headed Parrotbill","Psittiparus gularis"
"Pied Falconet","Microhierax melanoleucos"
"White-winged Duck","Asarcornis scutulata"
"Andaman Cuckoo-Dove","Macropygia rufipennis"
"Andaman Flowerpecker","Dicaeum virescens"
"Andaman Woodpecker","Dryocopus hodgei"
"Asian Glossy Starling","Aplonis panayensis"
"Andaman Green-Pigeon","Treron chloropterus"
"Nicobar Imperial-Pigeon","Ducula nicobarica"
"Nicobar Bulbul","Hypsipetes nicobariensis"
"Brown Hornbill","Anorrhinus austeni"
"Long-tailed Sibia","Heterophasia picaoides"
"Rufous-headed Parrotbill","Psittiparus bakeri"
"Rufous-necked Hornbill","Aceros nipalensis"
"Rufous-throated Fulvetta","Schoeniparus rufogularis"
"Masked Booby","Sula dactylatra"
"Andaman Boobook","Ninox affinis"
"Andaman Shama","Copsychus albiventris"
"Andaman Scops-Owl","Otus balli"
"Freckle-breasted Woodpecker","Dendrocopos analis"
"Pacific Swallow","Hirundo tahitica"
"Buff-breasted Babbler","Pellorneum tickelli"
"Silver-breasted Broadbill","Serilophus lunatus"
"White-spectacled Warbler","Phylloscopus intermedius"
"Great Eared-Nightjar","Lyncornis macrotis"
"Van Hasselt's Sunbird","Leptocoma brasiliana"
"Sclater's Monal","Lophophorus sclateri"
"Parasitic Jaeger","Stercorarius parasiticus"
"Lesser Shortwing","Brachypteryx leucophris"
"Yellow-rumped Flycatcher","Ficedula zanthopygia"
"White-tailed Tropicbird","Phaethon lepturus"
"Gray Peacock-Pheasant","Polyplectron bicalcaratum"
"Saunders's Tern","Sternula saundersi"
"Rufous-vented Laughingthrush","Pterorhinus gularis"
"Hypocolius","Hypocolius ampelinus"
"Blue-fronted Robin","Cinclidium frontale"
"Gray-sided Laughingthrush","Pterorhinus caerulatus"
"Rufous-throated Wren-Babbler","Spelaeornis caudatus"
"Yellow-throated Fulvetta","Schoeniparus cinereus"
"Brown Noddy","Anous stolidus"
"European Golden-Plover","Pluvialis apricaria"
"Black-faced Warbler","Abroscopus schisticeps"
"Rufous-throated Partridge","Arborophila rufogularis"
"Blue-winged Laughingthrush","Trochalopteron squamatum"
"Spotted Elachura","Elachura formosa"
"Chestnut-crowned Bush Warbler","Cettia major"
"Spotted Bush Warbler","Locustella thoracica"
"Brown Bush Warbler","Locustella luteoventris"
"Sooty Tern","Onychoprion fuscatus"
"Legge's Hawk-Eagle","Nisaetus kelaarti"
"Crimson-browed Finch","Carpodacus subhimachalus"
"Rufous-breasted Bush-Robin","Tarsiger hyperythrus"
"Spot-winged Rosefinch","Carpodacus rodopeplus"
"Common Goldeneye","Bucephala clangula"
"Great Slaty Woodpecker","Mulleripicus pulverulentus"
"Red-faced Liocichla","Liocichla phoenicea"
"Slaty-backed Flycatcher","Ficedula erithacus"
"Common Gull","Larus canus"
"Sind Sparrow","Passer pyrrhonotus"
"Sri Lanka Frogmouth","Batrachostomus moniliger"
"Sri Lanka Bay-Owl","Phodilus assimilis"
"Beautiful Nuthatch","Sitta formosa"
"Chestnut-breasted Partridge","Arborophila mandellii"
"Black-crowned Scimitar-Babbler","Pomatorhinus ferruginosus"
"Hodgson's Hawk-Cuckoo","Hierococcyx nisicolor"
"Rufous-backed Sibia","Leioptila annectens"
"Upland Buzzard","Buteo hemilasius"
"Collared Pratincole","Glareola pratincola"
"Gray-crowned Prinia","Prinia cinereocapilla"
"Immaculate Cupwing","Pnoepyga immaculata"
"White-bellied Sholakili","Sholicola albiventris"
"Caspian Plover","Charadrius asiaticus"
"Horned Grebe","Podiceps auritus"
"Brown-crowned Scimitar-Babbler","Pomatorhinus phayrei"
"Rusty-capped Fulvetta","Schoeniparus dubius"
"Dark-sided Thrush","Zoothera marginata"
"Rusty-bellied Shortwing","Brachypteryx hyperythra"
"Red Kite","Milvus milvus"
"Violet Cuckoo","Chrysococcyx xanthorhynchus"
"White-tailed Flycatcher","Cyornis concretus"
"Blue Pitta","Hydrornis cyaneus"
"Beautiful Sibia","Heterophasia pulchella"
"White-breasted Parrotbill","Psittiparus ruficeps"
"Marsh Babbler","Pellorneum palustre"
"Streaked Wren-Babbler","Gypsophila brevicaudata"
"Cachar Bulbul","Iole cacharensis"
"White-throated Bushchat","Saxicola insignis"
"Large Scimitar-Babbler","Erythrogenys hypoleucos"
"Vinaceous Rosefinch","Carpodacus vinaceus"
"Asian Emerald Cuckoo","Chrysococcyx maculatus"
"Swinhoe's Storm-Petrel","Hydrobates monorhis"
"Brown-winged Kingfisher","Pelargopsis amauroptera"
"Green Cochoa","Cochoa viridis"
"West Himalayan Bush Warbler","Locustella kashmirensis"
"Russet Bush Warbler","Locustella mandelli"
"Blue-throated Bee-eater","Merops viridis"
"Blyth's Tragopan","Tragopan blythii"
"Burmese Shrike","Lanius collurioides"
"Mountain Bamboo-Partridge","Bambusicola fytchii"
"Lesser Frigatebird","Fregata ariel"
"Long-billed Dowitcher","Limnodromus scolopaceus"
"Amur Falcon","Falco amurensis"
"Rufous-faced Warbler","Abroscopus albogularis"
"Yellow-rumped Honeyguide","Indicator xanthonotus"
"Streak-throated Barwing","Actinodura waldeni"
"Eyebrowed Wren-Babbler","Napothera epilepidota"
"Oriental Bay-Owl","Phodilus badius"
"Snowy-throated Babbler","Stachyris oglei"
"Rufous-vented Grass Babbler","Laticilla burnesii"
"Black-tailed Crake","Zapornia bicolor"
"Pectoral Sandpiper","Calidris melanotos"
"Yellow-eyed Pigeon","Columba eversmanni"
"Nicobar Parakeet","Psittacula caniceps"
"Nicobar Megapode","Megapodius nicobariensis"
"Nicobar Serpent-Eagle","Spilornis klossi"
"Chestnut-backed Laughingthrush","Pterorhinus nuchalis"
"Purple Cochoa","Cochoa purpurea"
"Spot-breasted Laughingthrush","Garrulax merulinus"
"Rufous-crowned Prinia","Prinia khasiana"
"Tawny-breasted Wren-Babbler","Spelaeornis longicaudatus"
"Gray-sided Thrush","Turdus feae"
"Ground Tit","Pseudopodoces humilis"
"Little Crake","Zapornia parva"
"Buff-breasted Sandpiper","Calidris subruficollis"
"Ward's Trogon","Harpactes wardi"
"American Pipit","Anthus rubescens"
"Banasura Laughingthrush","Montecincla jerdoni"
"Forest Owlet","Athene blewitti"
"Cetti's Warbler","Cettia cetti"
"Hill Blue Flycatcher","Cyornis whitei"
"Bridled Tern","Onychoprion anaethetus"
"Hill Prinia","Prinia superciliaris"
"Red-billed Scimitar-Babbler","Pomatorhinus ochraceiceps"
"Greater Scaup","Aythya marila"
"Taiga Bean-Goose","Anser fabalis"
"Spot-throated Babbler","Pellorneum albiventre"
"Pomarine Jaeger","Stercorarius pomarinus"
"Red-billed Tropicbird","Phaethon aethereus"
"Caspian Gull","Larus cachinnans"
"Goliath Heron","Ardea goliath"
"Silver-backed Needletail","Hirundapus cochinchinensis"
"Flesh-footed Shearwater","Ardenna carneipes"
"White-rumped Snowfinch","Montifringilla taczanowskii"
"White-breasted Woodswallow","Artamus leucorynchus"
"Mishmi Wren-Babbler","Spelaeornis badeigularis"
"Black-legged Kittiwake","Rissa tridactyla"
"Hume's Boobook","Ninox obscura"
"Brown-cheeked Rail","Rallus indicus"
"Bar-winged Wren-Babbler","Spelaeornis troglodytoides"
"Brown-throated Fulvetta","Fulvetta ludlowi"
"Streak-throated Fulvetta","Fulvetta manipurensis"
"Bhutan Laughingthrush","Trochalopteron imbricatum"
"Temminck's Tragopan","Tragopan temminckii"
"Chestnut-cheeked Starling","Agropsar philippensis"
"Chin Hills Wren-Babbler","Spelaeornis oatesi"
"Spot-breasted Parrotbill","Paradoxornis guttaticollis"
"Bugun Liocichla","Liocichla bugunorum"
"Himalayan Thrush","Zoothera salimalii"
"Slender-billed Oriole","Oriolus tenuirostris"
"Sikkim Wedge-billed Babbler","Stachyris humei"
"Great Frigatebird","Fregata minor"
"Crested Tit-Warbler","Leptopoecile elegans"
"Hodgson's Frogmouth","Batrachostomus hodgsoni"
"Striped Laughingthrush","Trochalopteron virgatum"
"Andaman Nightjar","Caprimulgus andamanicus"
"Spot-breasted Scimitar-Babbler","Erythrogenys mcclellandi"
"Naga Wren-Babbler","Spelaeornis chocolatinus"
"Andaman Masked-Owl","Tyto deroepstorffi"
"Eastern Spot-billed Duck","Anas zonorhyncha"
"White-backed Thrush","Turdus kessleri"
"Lesser White-fronted Goose","Anser erythropus"
"Amur Stonechat","Saxicola stejnegeri"
"Jouanin's Petrel","Bulweria fallax"
"Siberian Blue Robin","Larvivora cyane"
"Black-headed Bulbul","Brachypodius melanocephalos"
"Eurasian Nightjar","Caprimulgus europaeus"
"Black-headed Greenfinch","Chloris ambigua"
"Godlewski's Bunting","Emberiza godlewskii"
"Cachar Wedge-billed Babbler","Stachyris roberti"
"Japanese Sparrowhawk","Accipiter gularis"
"Daurian Starling","Agropsar sturninus"
"Great Spotted Woodpecker","Dendrocopos major"
"Mangrove Pitta","Pitta megarhyncha"
"Chestnut-vented Nuthatch","Sitta nagaensis"
"Tropical Shearwater","Puffinus bailloni"
"Gray-crowned Warbler","Phylloscopus tephrocephalus"
"Gray-headed Parakeet","Psittacula finschii"
"Rufous-necked Snowfinch","Montifringilla ruficollis"
"Wilson's Storm-Petrel","Oceanites oceanicus"
"Red Knot","Calidris canutus"
"Gray-faced Buzzard","Butastur indicus"
"Nicobar Sparrowhawk","Accipiter butleri"
"Pied Triller","Lalage nigra"
"Baikal Teal","Sibirionetta formosa"
"Blue-and-white Flycatcher","Cyanoptila cyanomelana"
"Fieldfare","Turdus pilaris"
"Nicobar Jungle Flycatcher","Cyornis nicobaricus"
"Persian Shearwater","Puffinus persicus"
"Long-tailed Jaeger","Stercorarius longicaudus"
"Hume's Pheasant","Syrmaticus humiae"
"Wedge-tailed Shearwater","Ardenna pacifica"
"White-browed Laughingthrush","Pterorhinus sannio"
"Yellow-throated Laughingthrush","Pterorhinus galbanus"
"Brown-capped Laughingthrush","Trochalopteron austeni"
"Red-footed Booby","Sula sula"
"Buffy Fish-Owl","Ketupa ketupu"
"Tristram's Bunting","Emberiza tristrami"
"Tundra Bean-Goose","Anser serrirostris"
"Pale Rockfinch","Carpospiza brachydactyla"
"Brown-rumped Minivet","Pericrocotus cantonensis"
"Firethroat","Calliope pectardens"
"Elliot's Laughingthrush","Trochalopteron elliotii"
"Franklin's Gull","Leucophaeus pipixcan"
"Turkestan Short-toed Lark","Alaudala heinei"
"Herring Gull","Larus argentatus"
"European Honey-buzzard","Pernis apivorus"
"Blue-winged Pitta","Pitta moluccensis"
"Chinese Sparrowhawk","Accipiter soloensis"
"Large Blue Flycatcher","Cyornis magnirostris"
"Short-tailed Shearwater","Ardenna tenuirostris"
"Sabine's Gull","Xema sabini"
"Northern Wheatear","Oenanthe oenanthe"
"White Tern","Gygis alba"
"Tibetan Lark","Melanocorypha maxima"
"Cory's Shearwater","Calonectris diomedea"
"Woodchat Shrike","Lanius senator"
"Mugimaki Flycatcher","Ficedula mugimaki"
"Chinese Thrush","Turdus mupinensis"
"Eurasian Scops-Owl","Otus scops"
"Asian Stubtail","Urosphena squameiceps"
"Nicobar Scops-Owl","Otus alius"
"Baikal Bush Warbler","Locustella davidi"
"Pink-rumped Rosefinch","Carpodacus waltoni"
"Sichuan Leaf Warbler","Phylloscopus forresti"
"Blunt-winged Warbler","Acrocephalus concinens"
"Yunnan Nuthatch","Sitta yunnanensis"
"Red-breasted Goose","Branta ruficollis"
"Moustached Laughingthrush","Ianthocincla cineracea"
"Black Tern","Chlidonias niger"
"Christmas Island Frigatebird","Fregata andrewsi"
"Chestnut-flanked White-eye","Zosterops erythropleurus"
"Chinese Bush Warbler","Locustella tacsanowskia"
"White-cheeked Tern","Sterna repressa"
"Red-throated Loon","Gavia stellata"
"Gray-eyed Bulbul","Iole propinqua"
"White-headed Duck","Oxyura leucocephala"
"White-browed Crake","Poliolimnas cinereus"
"Chinese White-browed Rosefinch","Carpodacus dubius"
"Crimson-winged Finch","Rhodopechys sanguineus"
"White-eyed Gull","Ichthyaetus leucophthalmus"
"Rock Eagle-Owl","Bubo bengalensis"
"Wood Warbler","Phylloscopus sibilatrix"
"Gray-tailed Tattler","Tringa brevipes"
"White-eared Night-Heron","Gorsachius magnificus"
"Masked Shrike","Lanius nubicus"
"Red-breasted Merganser","Mergus serrator"
"Rook","Corvus frugilegus"
"American Golden-Plover","Pluvialis dominica"
"Finsch's Wheatear","Oenanthe finschii"
"Chinese Egret","Egretta eulophotes"
"Javan Pond-Heron","Ardeola speciosa"
"White-cheeked Starling","Spodiopsar cineraceus"
"Horsfield's Bronze-Cuckoo","Chrysococcyx basalis"
"Pied Crow","Corvus albus"
"Sakhalin Leaf Warbler","Phylloscopus borealoides"
"Zappey's Flycatcher","Cyanoptila cumatilis"
"Namaqua Dove","Oena capensis"
"Amur Paradise-Flycatcher","Terpsiphone incei"
"Spoon-billed Sandpiper","Calidris pygmaea"
"Yellow-browed Bunting","Emberiza chrysophrys"
"Pale Rosefinch","Carpodacus stoliczkae"
"Desert Finch","Rhodospiza obsoleta"
"Chinese Vivid Niltava","Niltava oatesi"
"Rustic Bunting","Emberiza rustica"
"Red-billed Starling","Spodiopsar sericeus"
"Light-mantled Albatross","Phoebetria palpebrata"
"Chinese Blackbird","Turdus mandarinus"
"Willow Warbler","Phylloscopus trochilus"
"Japanese Thrush","Turdus cardis"
"Nordmann's Greenshank","Tringa guttifer"
"Rough-legged Hawk","Buteo lagopus"
"Three-banded Rosefinch","Carpodacus trifasciatus"
"Meadow Pipit","Anthus pratensis"
"Red-legged Crake","Rallina fasciata"
"Eurasian Blackcap","Sylvia atricapilla"
"Whinchat","Saxicola rubetra"
"Rufous-winged Buzzard","Butastur liventer"
"White-shouldered Starling","Sturnia sinensis"
"Pale-legged Leaf Warbler","Phylloscopus tenellipes"
"Sooty Shearwater","Ardenna grisea"
"Pallas's Leaf Warbler","Phylloscopus proregulus"
"Black-rumped Magpie","Pica bottanensis"
"Green Avadavat","Amandava formosa"
"Saker Falcon","Falco cherrug"
"Great Indian Bustard","Ardeotis nigriceps"
"Yellow-breasted Bunting","Emberiza aureola"
"Finn's Weaver","Ploceus megarhynchus"
"Lesser Florican","Sypheotides indicus"
"Derbyan Parakeet","Psittacula derbiana"
